<?xml version="1.0" encoding="utf-8"?>
<!--
  ~ [y] hybris Platform
  ~
  ~ Copyright (c) 2000-2016 SAP SE or an SAP affiliate company.
  ~ All rights reserved.
  ~
  ~ This software is the confidential and proprietary information of SAP
  ~ ("Confidential Information"). You shall not disclose such Confidential
  ~ Information and shall use it only in accordance with the terms of the
  ~ license agreement you entered into with SAP.
  -->

<metadata>
  <placeholder>
    <id>1</id>
    <name>FlowLayout-Frame-Tag</name>
    <description></description>
    <type>textframe</type>
    <domain>Hybris</domain>
    <domainid>4000</domainid>
    <class>3</class>
    <load>1</load>
    <sync>0</sync>
    <store>0</store>
    <lov>0</lov>
    <color name="green">
      <id>9</id>
    </color>
    <style></style>
    <styleid>0</styleid>
    <syncstateinvisible>0</syncstateinvisible>
    <loadconstraint>0</loadconstraint>
    <active>1</active>
    <timestamp></timestamp>
  </placeholder>
  <placeholder>
    <id>10</id>
    <name>TableCellData</name>
    <description></description>
    <type>text</type>
    <domain>Hybris</domain>
    <domainid>4000</domainid>
    <class>3</class>
    <load>1014</load>
    <sync>0</sync>
    <store>0</store>
    <lov>0</lov>
    <color name="purple">
      <id>7</id>
    </color>
    <style></style>
    <styleid>0</styleid>
    <syncstateinvisible>0</syncstateinvisible>
    <loadconstraint>0</loadconstraint>
    <active>1</active>
    <timestamp></timestamp>
  </placeholder>
</metadata>
