<?xml version="1.0" encoding="utf-8"?>
<!--
  ~ [y] hybris Platform
  ~
  ~ Copyright (c) 2000-2016 SAP SE or an SAP affiliate company.
  ~ All rights reserved.
  ~
  ~ This software is the confidential and proprietary information of SAP
  ~ ("Confidential Information"). You shall not disclose such Confidential
  ~ Information and shall use it only in accordance with the terms of the
  ~ license agreement you entered into with SAP.
  -->

<!--
	file:	 conditions.xml

	typeid: 1=int, 2=float, 3=String
	Mit Hilfe des Panelstatements 96 wird dem Produkt eine Action-ID (integer) zugeordnet. Die Anweisung kann bis zu drei Eingabewerte (int, int, int) haben, die durch die aktuelle Dokument-ID ersetzt werden. Ausserdem sind die allgemein üblichen Tags wie <ID>, <ID2>, <folder>, ... definiert.
-->
<conditions>
	<condition>
		<id>0</id>
		<conditionmenueid>1</conditionmenueid>
		<label>Label 1</label>
		<sequencenr>1</sequencenr>
		<value>-</value>
		<typeid>3</typeid>
		<replacebyvalue>0</replacebyvalue>
	</condition>
	<condition>
		<id>1</id>
		<conditionmenueid>1</conditionmenueid>
		<label>Label 2</label>
		<sequencenr>2</sequencenr>
		<value>-</value>
		<typeid>3</typeid>
		<replacebyvalue>0</replacebyvalue>
	</condition>
	<condition>
		<id>2</id>
		<conditionmenueid>1</conditionmenueid>
		<label>Label 3</label>
		<sequencenr>1</sequencenr>
		<value>-</value>
		<typeid>3</typeid>
		<replacebyvalue>0</replacebyvalue>
	</condition>
	<condition>
		<id>3</id>
		<conditionmenueid>1</conditionmenueid>
		<label>Label 4</label>
		<sequencenr>2</sequencenr>
		<value>-</value>
		<typeid>3</typeid>
		<replacebyvalue>0</replacebyvalue>
	</condition>
</conditions>
